name,season
Will,1
Waymar Royce,1
Gared,1
Wildling girl,1
White Walker,1
Bran Stark,1
Jon Snow,1
Robb Stark,1
Rickon Stark,1
Catelyn Stark,1
Eddard Stark,1
Sansa Stark,1
Mordane,1
Arya Stark,1
Jeyne Poole,1
Mikken,1
Rodrik Cassel,1
Jory Cassel,1
Theon Greyjoy,1
Jon Arryn,1
Jaime Lannister,1
Cersei Lannister,1
Maester,1
Tommy,1
Joffrey Baratheon,1
Sandor Clegane,1
Hodor,1
Robert Baratheon,1
Tommen Baratheon,1
Myrcella Baratheon,1
Tyrion Lannister,1
Ros,1
Daenerys Targaryen,1
Viserys Targaryen,1
Pentoshi servant,1
Illyrio Mopatis,1
Khal,1
Qotho,1
Cohollo,1
Haggo,1
Benjen Stark,1
Jorah Mormont,1
Mago,1
Jorah Mormont,1
Daenerys Targaryen,1
Khal,1
Doreah,1
Irri,1
Jhiqui,1
Viserys Targaryen,1
Tyrion Lannister,1
Joffrey Baratheon,1
Sandor Clegane,1
Jaime Lannister,1
Cersei Lannister,1
Tommen Baratheon,1
Myrcella Baratheon,1
Catelyn Stark,1
Bran Stark,1
Jon Snow,1
Mikken,1
Arya Stark,1
Eddard Stark,1
Robb Stark,1
Benjen Stark,1
Robert Baratheon,1
Rast,1
Maester,1
Catspaw,1
Theon Greyjoy,1
Rodrik Cassel,1
Sansa Stark,1
Ilyn Payne,1
Mycah,1
Jory Cassel,1
Eddard Stark,1
Jory Cassel,1
Arya Stark,1
Septa,1
Sansa Stark,1
Royal Steward,1
Jaime Lannister,1
Petyr Baelish,1
Varys,1
Renly Baratheon,1
Grand Maester,1
Cersei Lannister,1
Joffrey Baratheon,1
Old Nan,1
Bran Stark,1
Robb Stark,1
Catelyn Stark,1
Rodrik Cassel,1
Tyrion Lannister,1
Jeor Mormont,1
Pypar,1
Rast,1
Alliser Thorne,1
Jon Snow,1
Grenn,1
Robert Baratheon,1
Lancel Lannister,1
Barristan Selmy,1
Khal,1
Qotho,1
Daenerys Targaryen,1
Jorah Mormont,1
Rakharo,1
Viserys Targaryen,1
Irri,1
Benjen Stark,1
Yoren,1
Aemon,1
Syrio Forel,1
Bran Stark,1
Old Nan,1
Theon Greyjoy,1
Hodor,1
Maester,1
Robb Stark,1
Tyrion Lannister,1
Yoren,1
Rast,1
Jon Snow,1
Grenn,1
Samwell Tarly,1
Alliser Thorne,1
Pypar,1
Khal,1
Jorah Mormont,1
Daenerys Targaryen,1
Viserys Targaryen,1
Doreah,1
Septa,1
Sansa Stark,1
Eddard Stark,1
Janos Slynt,1
Grand Maester,1
Petyr Baelish,1
Renly Baratheon,1
Varys,1
Arya Stark,1
Hugh,1
Jory Cassel,1
Gendry,1
Tobho Mott,1
Jaime Lannister,1
Robert Baratheon,1
Irri,1
Barristan Selmy,1
Myrcella Baratheon,1
Tommen Baratheon,1
Cersei Lannister,1
Sandor Clegane,1
Joffrey Baratheon,1
Gregor Clegane,1
Marillion,1
Rodrik Cassel,1
Catelyn Stark,1
Masha Heddle,1
Bronn,1
Willis Wode,1
Kurleket,1
Frey,1
Eddard Stark,1
Hugh,1
Barristan Selmy,1
Lancel Lannister,1
Robert Baratheon,1
Gregor Clegane,1
Myrcella Baratheon,1
Tommen Baratheon,1
Sandor Clegane,1
Joffrey Baratheon,1
Sansa Stark,1
Petyr Baelish,1
Renly Baratheon,1
Septa,1
Grand Maester,1
Loras Tyrell,1
Joss Stilwood,1
Tyrion Lannister,1
Catelyn Stark,1
Rodrik Cassel,1
Marillion,1
Kurleket,1
Willis Wode,1
Bronn,1
Theon Greyjoy,1
Bran Stark,1
Maester,1
Ros,1
Arya Stark,1
Varys,1
Jory Cassel,1
Illyrio Mopatis,1
Gold Cloak 1,1
Gold Cloak 2,1
Yoren,1
Vardis Egen,1
Royal Steward,1
Lysa Arryn,1
Robin Arryn,1
Mord,1
Cersei Lannister,1
Barra,1
Mhaegen,1
Jaime Lannister,1
Wyl,1
Heward,1
Eddard Stark,1
Cersei Lannister,1
Robert Baratheon,1
Daenerys Targaryen,1
Irri,1
Bran Stark,1
Hodor,1
Theon Greyjoy,1
Robb Stark,1
Osha,1
Stiv,1
Wallen,1
Tyrion Lannister,1
Mord,1
Syrio Forel,1
Arya Stark,1
Dothraki crone,1
Khal,1
Viserys Targaryen,1
Jorah Mormont,1
Doreah,1
Rakharo,1
Catelyn Stark,1
Robin Arryn,1
Lysa Arryn,1
Vardis Egen,1
Jon Lynderly,1
Rodrik Cassel,1
Bronn,1
Eon Hunter,1
Barristan Selmy,1
Renly Baratheon,1
Lancel Lannister,1
Petyr Baelish,1
Grand Maester,1
Joss,1
Beric Dondarrion,1
Sansa Stark,1
Septa,1
Joffrey Baratheon,1
Ros,1
Steffon,1
Qotho,1
Jaime Lannister,1
Tywin Lannister,1
Cersei Lannister,1
Eddard Stark,1
Petyr Baelish,1
Ros,1
Armeca,1
Osha,1
Theon Greyjoy,1
Maester,1
Jon Snow,1
Samwell Tarly,1
Jeor Mormont,1
Renly Baratheon,1
Tomard,1
Joffrey Baratheon,1
Robert Baratheon,1
Grand Maester,1
Barristan Selmy,1
Varys,1
Khal,1
Daenerys Targaryen,1
Doreah,1
Irri,1
Rakharo,1
Jorah Mormont,1
Little bird,1
Wineseller,1
Dareon,1
Grenn,1
Pypar,1
Rast,1
Allo,1
Balian,1
Echiel,1
Escan,1
Gordo,1
Joby,1
Halder,1
Luke,1
Matthar,1
Mink,1
Nelugo,1
Niko,1
Rancer,1
Todder,1
Vorkoy,1
Jaremy Rykker,1
Alliser Thorne,1
Maester,1
Othell Yarwyck,1
Night's Watch officer,1
Clydas,1
Qotho,1
Royal Steward,1
Varly,1
Janos Slynt,1
Sandor Clegane,1
Arya Stark,1
Syrio Forel,1
Vayon Poole,1
Mordane,1
Sansa Stark,1
Meryn Trant,1
Sandor Clegane,1
Stableboy,1
Eddard Stark,1
Varys,1
Jon Snow,1
Samwell Tarly,1
Jeor Mormont,1
Othor,1
Othell Yarwyck,1
Jafer Flowers,1
Pypar,1
Night's Watch officer,1
Night's Watch messenger,1
Pycelle,1
Cersei Lannister,1
Petyr 'Littlefinger' Baelish,1
Theon Greyjoy,1
Robb Stark,1
Luwin,1
Catelyn Stark,1
Lysa Arryn,1
Robin Arryn,1
Tyrion Lannister,1
Bronn,1
Shagga,1
Alliser Thorne,1
Grenn,1
Daenerys Targaryen,1
Rakharo,1
Jorah Mormont,1
Doreah,1
Irri,1
Mirri Maz Duur,1
Mago,1
Drogo,1
Qotho,1
Greatjon Umber,1
Bran Stark,1
Galbart Glover,1
Maege Mormont,1
Rickon Stark,1
Osha,1
Hodor,1
Rast,1
Rodrik Cassel,1
Timett,1
Chella,1
Tywin Lannister,1
Kevan Lannister,1
Stark guard,1
Lannister scout,1
Aron Santagar,1
Gyles Rosby,1
Joffrey Baratheon,1
Barristan Selmy,1
Janos Slynt,1
Royal Steward,1
Eddard Stark,1
Varys,1
Theon Greyjoy,1
Robb Stark,1
Catelyn Stark,1
Rodrik Cassel,1
Greatjon Umber,1
Maege Mormont,1
Walder Frey,1
Joyeuse Frey,1
Stevron Frey,1
Ryger Rivers,1
Arwaya Frey,1
Jon Snow,1
Jeor Mormont,1
Night's Watch messenger,1
Pypar,1
Grenn,1
Samwell Tarly,1
Rast,1
Aemon,1
Drogo,1
Daenerys Targaryen,1
Cohollo,1
Qotho,1
Haggo,1
Rakharo,1
Tyrion Lannister,1
Tywin Lannister,1
Leo Lefford,1
Kevan Lannister,1
Bronn,1
Shae,1
Jorah Mormont,1
Doreah,1
Irri,1
Mirri Maz Duur,1
Shagga,1
Chella,1
Timett,1
Jaime Lannister,1
Arya Stark,1
Yoren,1
Cersei Lannister,1
Sansa Stark,1
Petyr Baelish,1
Pycelle,1
Joffrey Baratheon,1
Sandor Clegane,1
Janos Slynt,1
Ilyn Payne,1
High Septon,1
Ilyn Payne,1
High Septon,1
Yoren,1
Arya Stark,1
Petyr Baelish,1
Varys,1
Meryn Trant,1
Sansa Stark,1
Three-Eyed Raven,1
Bran Stark,1
Osha,1
Hodor,1
Rickon Stark,1
Luwin,1
Catelyn Stark,1
Robb Stark,1
Marillion,1
Joffrey Baratheon,1
Cersei Lannister,1
Sandor Clegane,1
Greatjon Umber,1
Maege Mormont,1
Galbart Glover,1
Theon Greyjoy,1
Rodrik Cassel,1
Stark guard,1
Jaime Lannister,1
Lancel Lannister,1
Tywin Lannister,1
Kevan Lannister,1
Tyrion Lannister,1
Addam Marbrand,1
Daenerys Targaryen,1
Jorah Mormont,1
Mirri Maz Duur,1
Rakharo,1
Irri,1
Drogo,1
Jon Snow,1
Samwell Tarly,1
Shae,1
Grenn,1
Pypar,1
Pycelle,1
Ros,1
Jaqen H'ghar,1
Rorge,1
Biter,1
Lommy,1
Hot Pie,1
Gendry,1
Jeor Mormont,1
Sandor Clegane,2
Joffrey Baratheon,2
Sansa Stark,2
Myrcella Baratheon,2
Tommen Baratheon,2
Meryn Trant,2
Tourney herald,2
Lothor Brune,2
Dontos Hollard,2
Tyrion Lannister,2
Bronn,2
Timett,2
Petyr Baelish,2
Varys,2
Pycelle,2
Cersei Lannister,2
Janos Slynt,2
Bran Stark,2
Luwin,2
Leadranach,2
Portan,2
Hodor,2
Osha,2
Daenerys Targaryen,2
Doreah,2
Irri,2
Rakharo,2
Kovarro,2
Aggo,2
Jorah Mormont,2
Jon Snow,2
Samwell Tarly,2
Grenn,2
Eddison Tollett,2
Jeor Mormont,2
Craster,2
Craster's wives,2
Gilly,2
Cressen,2
Melisandre,2
Davos Seaworth,2
Matthos Seaworth,2
Stannis Baratheon,2
Selyse Baratheon,2
Robb Stark,2
Jaime Lannister,2
Shae,2
Alton Lannister,2
Theon Greyjoy,2
Rodrik Cassel,2
Catelyn Stark,2
Ros,2
Daisy,2
Armeca,2
Mhaegen,2
Barra,2
Tobho Mott,2
Gendry,2
Arya Stark,2
Hot Pie,2
Lommy Greenhands,2
Arya Stark,2
Jaqen H'ghar,2
Rorge,2
Biter,2
Gendry,2
Yoren,2
Gold Cloak,2
Lommy,2
Hot Pie,2
Tyrion Lannister,2
Shae,2
Varys,2
Janos Slynt,2
Pycelle,2
Alton Lannister,2
Petyr Baelish,2
Cersei Lannister,2
Samwell Tarly,2
Eddison Tollett,2
Grenn,2
Gilly,2
Jon Snow,2
Jorah Mormont,2
Daenerys Targaryen,2
Irri,2
Doreah,2
Theon Greyjoy,2
Captain's daughter,2
Marei,2
Armeca,2
Ros's dissatisfied customer,2
Ros,2
Podrick Payne,2
Bronn,2
Lordsport dockhand,2
Yara Greyjoy,2
Balon Greyjoy,2
Davos Seaworth,2
Matthos Seaworth,2
Salladhor Saan,2
Stannis Baratheon,2
Melisandre,2
Craster,2
Jon Snow,2
Craster,2
Lord Commander,2
Gilly,2
Samwell Tarly,2
Hodor,2
Luwin,2
Bran Stark,2
Brienne of Tarth,2
Loras Tyrell,2
Renly Baratheon,2
Margaery Tyrell,2
Colen of Greenpools,2
Catelyn Stark,2
Gerald,2
Theon Greyjoy,2
Yara Greyjoy,2
Balon Greyjoy,2
Tyrion Lannister,2
Shae,2
Cersei Lannister,2
Tommen Baratheon,2
Myrcella Baratheon,2
Sansa Stark,2
Grand Maester,2
Varys,2
Petyr Baelish,2
Drowned Man,2
Bronn,2
Daisy,2
Timett,2
Arya Stark,2
Yoren,2
Gendry,2
Hot Pie,2
Lommy,2
Amory Lorch,2
Gold Cloak,2
Jaqen H'ghar,2
Biter,2
Rorge,2
Polliver,2
Rennick,2
Robb Stark,2
Roose Bolton,2
Greatjon Umber,2
Talisa Maegyr,2
Wounded Lannister soldier,2
Joffrey Baratheon,2
Sansa Stark,2
Sandor Clegane,2
Lancel Lannister,2
Meryn Trant,2
Dontos Hollard,2
Tyrion Lannister,2
Bronn,2
Daisy,2
Ros,2
Petyr Baelish,2
Renly Baratheon,2
Brienne of Tarth,2
Margaery Tyrell,2
Loras Tyrell,2
Kovarro,2
Daenerys Targaryen,2
Jorah Mormont,2
Doreah,2
Irri,2
Arya Stark,2
Gendry,2
Hot Pie,2
Polliver,2
Amory Lorch,2
Old woman prisoner,2
Tortured prisoner,2
Catelyn Stark,2
Gregor Clegane,2
Tickler,2
Weasel,2
Stannis Baratheon,2
Melisandre,2
Davos Seaworth,2
Spice King,2
Pyat Pree,2
Silk King,2
Xaro Xhoan Daxos,2
Copper King,2
Tywin Lannister,2
Emmon Cuy,2
Robar Royce,2
Renly Baratheon,2
Brienne of Tarth,2
Catelyn Stark,2
Petyr Baelish,2
Loras Tyrell,2
Margaery Tyrell,2
Myrcella Baratheon,2
Eglantine,2
Cersei Lannister,2
Tyrion Lannister,2
Bronn,2
Lancel Lannister,2
Davos Seaworth,2
Stannis Baratheon,2
Protestor,2
Black Lorren,2
Yara Greyjoy,2
Dagmer,2
Tywin Lannister,2
Arya Stark,2
Reginald Lannister,2
Amory Lorch,2
Jaqen H'ghar,2
Jeor Mormont,2
Jon Snow,2
Samwell Tarly,2
Eddison Tollett,2
Grenn,2
Ghost,2
Hallyne,2
Daenerys Targaryen,2
Doreah,2
Irri,2
Silk King,2
Qartheen woman,2
Kovarro,2
Malakho,2
Jorah Mormont,2
Pyat Pree,2
Xaro Xhoan Daxos,2
Quaithe,2
Bran Stark,2
Rickon Stark,2
Maester,2
Winterfell shepherd,2
Rodrik Cassel,2
Hodor,2
Osha,2
Qhorin,2
Harker,2
Stonesnake,2
Borba,2
Gendry,2
Hot Pie,2
Tickler,2
Luwin,2
Theon Greyjoy,2
Bran Stark,2
Dagmer,2
Hodor,2
Osha,2
Rickon Stark,2
Farlen,2
Palla,2
Rodrik Cassel,2
Black Lorren,2
Jon Snow,2
Qhorin,2
Harker,2
Stonesnake,2
Borba,2
Arya Stark,2
Tywin Lannister,2
Amory Lorch,2
Petyr Baelish,2
Ygritte,2
Myrcella Baratheon,2
Eglantine,2
Arys Oakheart,2
High Septon,2
Sandor Clegane,2
Cersei Lannister,2
Tyrion Lannister,2
Tommen Baratheon,2
Joffrey Baratheon,2
Sansa Stark,2
Meryn Trant,2
King's Landing rioter,2
Daenerys Targaryen,2
Xaro Xhoan Daxos,2
Kovarro,2
Spice King,2
Jaqen H'ghar,2
Robb Stark,2
Jacks,2
Quent,2
Talisa Maegyr,2
Catelyn Stark,2
Brienne of Tarth,2
Roose Bolton,2
Shae,2
Drennan,2
Malakho,2
Doreah,2
Irri,2
Pyat Pree,2
Theon Greyjoy,2
Drennan,2
Black Lorren,2
Dagmer,2
Luwin,2
Hodor,2
Rickon Stark,2
Osha,2
Bran Stark,2
Jon Snow,2
Ygritte,2
Tywin Lannister,2
Gregor Clegane,2
Arya Stark,2
Sandor Clegane,2
Sansa Stark,2
Daenerys Targaryen,2
Xaro Xhoan Daxos,2
Malakho,2
Robb Stark,2
Alton Lannister,2
Roose Bolton,2
Rickard Karstark,2
Torrhen Karstark,2
Talisa Maegyr,2
Jack,2
Billy,2
Winterfell shepherd,2
Jorah Mormont,2
King's Landing rioter,2
Shae,2
Bernadette,2
Jaime Lannister,2
Catelyn Stark,2
Brienne of Tarth,2
Jacks,2
Quent,2
Stark guard,2
Tyrion Lannister,2
Stark guard,2
Palla,2
Farlen,2
Dagmer,2
Theon Greyjoy,2
Yara Greyjoy,2
Ygritte,2
Jon Snow,2
Lord of Bones,2
Qhorin,2
Robb Stark,2
Talisa Maegyr,2
Stark messenger,2
Rickard Karstark,2
Catelyn Stark,2
Stark guard,2
Jaime Lannister,2
Brienne of Tarth,2
Arya Stark,2
Kevan Lannister,2
Tywin Lannister,2
Gregor Clegane,2
Rorge,2
Biter,2
Hot Pie,2
Gendry,2
Tyrion Lannister,2
Bronn,2
Varys,2
Eddison Tollett,2
Grenn,2
Samwell Tarly,2
Jaqen H'ghar,2
Cersei Lannister,2
Podrick Payne,2
Mandon Moore,2
Ros,2
Shae,2
Stannis Baratheon,2
Davos Seaworth,2
Matthos Seaworth,2
Joffrey Baratheon,2
Daenerys Targaryen,2
Jorah Mormont,2
Kovarro,2
Luwin,2
Osha,2
Bran Stark,2
Rickon Stark,2
Hodor,2
Davos Seaworth,2
Stannis Baratheon,2
Matthos Seaworth,2
Shae,2
Tyrion Lannister,2
Cersei Lannister,2
Grand Maester,2
Bronn,2
Armeca,2
Singing Lannister soldier,2
Sandor Clegane,2
Varys,2
Podrick Payne,2
Sansa Stark,2
Joffrey Baratheon,2
Lancel Lannister,2
Tommen Baratheon,2
Ilyn Payne,2
Mandon Moore,2
Hallyne,2
Imry Florent,2
Dontos Hollard,2
Loras Tyrell,2
Tywin Lannister,2
Tyrion Lannister,2
Grand Maester,2
Podrick Payne,2
Tywin Lannister,2
Joffrey Baratheon,2
Sansa Stark,2
Cersei Lannister,2
Varys,2
Petyr Baelish,2
Margaery Tyrell,2
Loras Tyrell,2
Ros,2
Brienne of Tarth,2
Jaime Lannister,2
Stark soldier,2
Soldier Tom,2
Robb Stark,2
Catelyn Stark,2
Stannis Baratheon,2
Melisandre,2
Theon Greyjoy,2
Maester,2
Dagmer,2
Black Lorren,2
Aggar,2
Gelmarr,2
Wex Pyke,2
Urzen,2
Stygg,2
Shae,2
Septon,2
Talisa Maegyr,2
Daenerys Targaryen,2
Jorah Mormont,2
Kovarro,2
Gendry,2
Arya Stark,2
Hot Pie,2
Jaqen H'ghar,2
Jaqen's New Face,2
Osha,2
Hodor,2
Bran Stark,2
Rickon Stark,2
Drogo,2
Rhaego,2
Pyat Pree,2
Jon Snow,2
Ygritte,2
Lord of Bones,2
Qhorin,2
Xaro Xhoan Daxos,2
Doreah,2
Samwell Tarly,2
Grenn,2
Eddison Tollett,2
White Walker,2
Samwell Tarly,3
Jeor Mormont,3
Rast,3
Eddison Tollett,3
Grenn,3
Lord of Bones,3
Jon Snow,3
Ygritte,3
Dongo,3
Tormund,3
Mance Rayder,3
Bronn,3
Mirelle,3
Podrick Payne,3
Tyrion Lannister,3
Cersei Lannister,3
Meryn Trant,3
Kingsguard,3
Davos Seaworth,3
Boat commander,3
Salladhor Saan,3
Robb Stark,3
Roose Bolton,3
Rickard Karstark,3
Catelyn Stark,3
Jaremy Mallister,3
Talisa Stark,3
Qyburn,3
Tywin Lannister,3
Sansa Stark,3
Shae,3
Petyr Baelish,3
Ros,3
Drogon,3
Viserion,3
Rhaegal,3
Daenerys Targaryen,3
Jorah Mormont,3
Stannis Baratheon,3
Melisandre,3
Joffrey Baratheon,3
Margaery Tyrell,3
Margaery Tyrell's handmaiden,3
Orphan kid 1,3
Orphan kid 2,3
Loras Tyrell,3
Kraznys mo Nakloz,3
Missandei,3
Unsullied,3
warlock,3
Barristan Selmy,3
Bran Stark,3
Jon Snow,3
Robb Stark,3
Jojen Reed,3
Summer,3
Shaggydog,3
Rickon Stark,3
Hodor,3
Osha,3
Talisa Stark,3
Roose Bolton,3
Catelyn Stark,3
Theon Greyjoy,3
Master torturer,3
Jaime Lannister,3
Brienne of Tarth,3
Riverlands traveller,3
Joffrey Baratheon,3
Cersei Lannister,3
Sansa Stark,3
Shae,3
Loras Tyrell,3
Margaery Tyrell,3
Olenna Tyrell,3
Tyrell servant,3
Rickard Karstark,3
Mance Rayder,3
Tormund,3
Ygritte,3
Orell,3
Samwell Tarly,3
Rast,3
Grenn,3
Eddison Tollett,3
Jeor Mormont,3
Meera Reed,3
Gendry,3
Hot Pie,3
Thoros,3
Anguy,3
Tyrion Lannister,3
Boy,3
Sandor Clegane,3
Locke,3
Hoster Tully,3
Robb Stark,3
"Brynden ""The Blackfish"" Tully",3
Catelyn Stark,3
Talisa Stark,3
Edmure Tully,3
Tywin Lannister,3
Grand Maester,3
Varys,3
Petyr Baelish,3
Tyrion Lannister,3
Cersei Lannister,3
Locke,3
Jaime Lannister,3
Brienne of Tarth,3
Gendry,3
Thoros of Myr,3
Arya Stark,3
Sandor Clegane,3
Anguy,3
Hot Pie,3
Martyn Lannister,3
Willem Lannister,3
Mance Rayder,3
Jon Snow,3
Ygritte,3
Tormund,3
Orell,3
Jeor Mormont,3
Karl Tanner,3
Rast,3
Grenn,3
Samwell Tarly,3
Eddison Tollett,3
Craster,3
Gilly,3
Gilly's baby,3
Theon Greyjoy,3
Ramsay Snow,3
Stannis Baratheon,3
Melisandre,3
Tortured slave,3
Barristan Selmy,3
Daenerys Targaryen,3
Jorah Mormont,3
Missandei,3
Kraznys mo Nakloz,3
Greizhen mo Ullhor,3
Ros,3
Podrick Payne,3
Bronn,3
Genna,3
Marei,3
Kayla,3
Master torturer,3
Jaime Lannister,3
Brienne of Tarth,3
Locke,3
Tyrion Lannister,3
Varys,3
Sorcerer,3
Grenn,3
Eddison Tollett,3
Rast,3
Gilly,3
Gilly's baby,3
Samwell Tarly,3
Othell Yarwyck,3
Bran Stark,3
Jojen Reed,3
Catelyn Stark,3
Ros,3
Joffrey Baratheon,3
Margaery Tyrell,3
Cersei Lannister,3
Olenna Tyrell,3
Theon Greyjoy,3
Ramsay Snow,3
Tywin Lannister,3
Tyrell lady,3
Sansa Stark,3
Bannen,3
Jeor Mormont,3
Craster,3
Karl Tanner,3
Thoros of Myr,3
Arya Stark,3
Anguy,3
Sandor Clegane,3
Gendry,3
Beric Dondarrion,3
Daenerys Targaryen,3
Jorah Mormont,3
Missandei,3
Barristan Selmy,3
Kraznys mo Nakloz,3
Greizhen mo Ullhor,3
Thoros of Myr,3
Sandor Clegane,3
Anguy,3
Arya Stark,3
Gendry,3
Beric Dondarrion,3
Jon Snow,3
Ygritte,3
Tormund Giantsbane,3
Orell,3
Locke,3
Brienne of Tarth,3
Jaime Lannister,3
Roose Bolton,3
Qyburn,3
Petyr Baelish,3
Cersei Lannister,3
Tyrion Lannister,3
Olenna Tyrell,3
Podrick Payne,3
Willem Lannister,3
Martyn Lannister,3
Rickard Karstark,3
Robb Stark,3
Talisa Stark,3
Catelyn Stark,3
Brynden Tully,3
Edmure Tully,3
Selyse Baratheon,3
Stannis Baratheon,3
Petyr Baratheon,3
Tommard Baratheon,3
Edric Baratheon,3
Shireen Baratheon,3
Davos Seaworth,3
Daenerys Targaryen,3
Jorah Mormont,3
Barristan Selmy,3
Missandei,3
Grey Worm,3
Sansa Stark,3
Loras Tyrell,3
Margaery Tyrell,3
Olyvar,3
Tywin Lannister,3
Samwell Tarly,3
Gilly,3
Gilly's baby,3
Meera Reed,3
Osha,3
Bran Stark,3
Hodor,3
Jojen Reed,3
Rickon Stark,3
Tormund Giantsbane,3
Jon Snow,3
Ygritte,3
Orell,3
Arya Stark,3
Anguy,3
Thoros of Myr,3
Melisandre,3
Beric Dondarrion,3
Gendry,3
Ramsay Snow,3
Theon Greyjoy,3
Lothar Frey,3
Walder Rivers,3
Robb Stark,3
Catelyn Stark,3
Edmure Tully,3
Brynden Tully,3
Jaime Lannister,3
Brienne of Tarth,3
Roose Bolton,3
Tywin Lannister,3
Olenna Tyrell,3
Loras Tyrell,3
Sansa Stark,3
Tyrion Lannister,3
Cersei Lannister,3
Shae,3
Handmaiden,3
Petyr Baelish,3
Varys,3
Joffrey Baratheon,3
Ros,3
Tormund Giantsbane,3
Jon Snow,3
Ygritte,3
Orell,3
Robb Stark,3
Talisa Stark,3
Catelyn Stark,3
Brynden Tully,3
Edmure Tully,3
Margaery Tyrell,3
Sansa Stark,3
Tyrion Lannister,3
Bronn,3
Tywin Lannister,3
Joffrey Baratheon,3
Jorah Mormont,3
Daenerys Targaryen,3
Barristan Selmy,3
Grey Worm,3
Razdal mo Eraz,3
Missandei,3
Shae,3
Melisandre,3
Gendry,3
Arya Stark,3
Beric Dondarrion,3
Thoros of Myr,3
Anguy,3
Sandor Clegane,3
Brienne of Tarth,3
Jaime Lannister,3
Roose Bolton,3
Qyburn,3
Locke,3
Theon Greyjoy,3
Violet,3
Myranda,3
Ramsay Snow,3
Meera Reed,3
Osha,3
Rickon Stark,3
Hodor,3
Jojen Reed,3
Bran Stark,3
Steelshanks,3
Arya Stark,3
Sandor Clegane,3
Daenerys Targaryen,3
Barristan Selmy,3
Jorah Mormont,3
Grey Worm,3
Mero,3
Prendahl na Ghezn,3
Daario Naharis,3
Yunkai'i whore,3
Missandei,3
Melisandre,3
Gendry,3
Stannis Baratheon,3
Davos Seaworth,3
Sansa Stark,3
Shae,3
Tyrion Lannister,3
Podrick Payne,3
Margaery Tyrell,3
Cersei Lannister,3
Loras Tyrell,3
Joffrey Baratheon,3
Bronn,3
Olenna Tyrell,3
Varys,3
Pycelle,3
Tywin Lannister,3
High Septon,3
Meryn Trant,3
Samwell Tarly,3
Gilly,3
White Walker,3
Robb Stark,3
Catelyn Stark,3
Talisa Stark,3
Brynden Tully,3
Edmure Tully,3
Walder Frey,3
Walder Rivers,3
Lothar Frey,3
Joyeuse Frey,3
Arwaya Frey,3
Walda Frey,3
Derwa Frey,3
Waldra Frey,3
Janeya Frey,3
Neyela Frey,3
Serra Frey,3
Sarra Frey,3
Marianne Frey,3
Freya Frey,3
Merry Frey,3
Shirei Frey,3
Daenerys Targaryen,3
Jorah Mormont,3
Daario Naharis,3
Grey Worm,3
Barristan Selmy,3
Samwell Tarly,3
Gilly,3
Gilly's baby,3
Arya Stark,3
Sandor Clegane,3
Hog farmer,3
Jojen Reed,3
Rickon Stark,3
Osha,3
Bran Stark,3
Hodor,3
Meera Reed,3
Old man,3
Orell,3
Tormund Giantsbane,3
Ygritte,3
Jon Snow,3
Shaggydog,3
Summer,3
Roslin Frey,3
Wendel Manderly,3
Roose Bolton,3
Septon,3
Missandei,3
Grey Wind,3
Frey guard,3
Roose Bolton,3
Sandor Clegane,3
Arya Stark,3
Robb Stark,3
Tyrion Lannister,3
Sansa Stark,3
Shae,3
Desmond Crakehall,3
Eldrick Sarsfield,3
Podrick Payne,3
Cersei Lannister,3
Tywin Lannister,3
Grand Maester,3
Joffrey Baratheon,3
Varys,3
Meera Reed,3
Jojen Reed,3
Hodor,3
Bran Stark,3
Walder Frey,3
Ramsay Snow,3
Theon Greyjoy,3
Samwell Tarly,3
Gilly,3
Sam,3
Balon Greyjoy,3
Yara Greyjoy,3
Davos Seaworth,3
Gendry,3
Frey soldier,3
Frey soldier,3
Jon Snow,3
Ygritte,3
Maester,3
Shireen Baratheon,3
Melisandre,3
Stannis Baratheon,3
Todder,3
Pypar,3
Jaime Lannister,3
Brienne of Tarth,3
Qyburn,3
Daario Naharis,3
Barristan Selmy,3
Missandei,3
Daenerys Targaryen,3
Jorah Mormont,3
Grey Worm,3
Tywin Lannister,4
Valyrian sword smith,4
Jaime Lannister,4
Tyrion Lannister,4
Bronn,4
Podrick Payne,4
Lord Blackmont,4
Deziel Dalt,4
Oberyn Martell,4
Ellaria Sand,4
Olyvar,4
Marei,4
Daenerys Targaryen,4
Jorah Mormont,4
Barristan Selmy,4
Missandei,4
Daario Naharis,4
Grey Worm,4
Shae,4
Sansa Stark,4
Bernadette,4
Qyburn,4
Cersei Lannister,4
Ygritte,4
Tormund,4
Styr,4
Thenn warg,4
Samwell Tarly,4
Jon Snow,4
Endrew Tarth,4
Alliser Thorne,4
Janos Slynt,4
Othell Yarwyck,4
Aemon,4
Margaery Tyrell,4
Olenna Tyrell,4
Brienne of Tarth,4
Joffrey Baratheon,4
Meryn Trant,4
Dontos Hollard,4
Arya Stark,4
Sandor Clegane,4
Polliver,4
Lowell,4
Morgan,4
Tansy,4
Ramsay Snow,4
Myranda,4
Theon Greyjoy,4
Tyrion Lannister,4
Podrick Payne,4
Jaime Lannister,4
Shae,4
Cersei Lannister,4
Tommen Baratheon,4
Joffrey Baratheon,4
Tywin Lannister,4
Sansa Stark,4
Mace Tyrell,4
Margaery Tyrell,4
Olenna Tyrell,4
Loras Tyrell,4
Brienne of Tarth,4
Bronn,4
Varys,4
Pycelle,4
Oberyn Martell,4
Ellaria Sand,4
Summer,4
Bran Stark,4
Hodor,4
Meera Reed,4
Jojen Reed,4
Theon Greyjoy,4
Locke,4
Roose Bolton,4
Walda Bolton,4
Stannis Baratheon,4
Davos Seaworth,4
Selyse Baratheon,4
Shireen Baratheon,4
Axell Florent,4
Melisandre,4
Eddard Stark,4
Joffrey Baratheon,4
Cersei Lannister,4
Tyrion Lannister,4
Meryn Trant,4
Dontos Hollard,4
Sansa Stark,4
Podrick Payne,4
Jaime Lannister,4
Tywin Lannister,4
Olenna Tyrell,4
Margaery Tyrell,4
Brienne of Tarth,4
Varys,4
Petyr Baelish,4
Tommen Baratheon,4
High Septon,4
Sandor Clegane,4
Arya Stark,4
farmer,4
Sally,4
Samwell Tarly,4
Alliser Thorne,4
Janos Slynt,4
Gilly,4
Sam,4
Stannis Baratheon,4
Davos Seaworth,4
Shireen Baratheon,4
Mole's Town whore,4
Mole's Town madam,4
Marei,4
Ellaria Sand,4
Olyvar,4
Oberyn Martell,4
Olly,4
Guymon,4
Ygritte,4
Styr,4
Olly's mother,4
Tormund,4
Thenn warg,4
Jon Snow,4
Othell Yarwyck,4
Aemon,4
Pypar,4
Grenn,4
Eddison Tollett,4
Daenerys Targaryen,4
Missandei,4
Jorah Mormont,4
Hizdahr zo Loraq,4
Barristan Selmy,4
Daario Naharis,4
Oznak zo Pahl,4
Great Master,4
Slave,4
Daenerys Targaryen,4
Jorah Mormont,4
Barristan Selmy,4
Missandei,4
Grey Worm,4
Daario Naharis,4
Great Master,4
Cersei Lannister,4
Tommen Baratheon,4
Tyrion Lannister,4
Jaime Lannister,4
Brienne of Tarth,4
Bronn,4
Sansa Stark,4
Petyr Baelish,4
Jon Snow,4
Grenn,4
Alliser Thorne,4
Bran Stark,4
Hodor,4
Jojen Reed,4
Meera Reed,4
Karl Tanner,4
High Septon,4
Tommen Baratheon,4
Jaime Lannister,4
Cersei Lannister,4
Tywin Lannister,4
Margaery Tyrell,4
Loras Tyrell,4
Mace Tyrell,4
Oberyn Martell,4
Pycelle,4
Varys,4
Olenna Tyrell,4
Daenerys Targaryen,4
Jorah Mormont,4
Barristan Selmy,4
Daario Naharis,4
Missandei,4
Grey Worm,4
Sansa Stark,4
Petyr Baelish,4
Donnel Waynwood,4
Robin Arryn,4
Lysa Arryn,4
Arya Stark,4
Sandor Clegane,4
Brienne of Tarth,4
Podrick Payne,4
Rast,4
Jon Snow,4
Locke,4
Bran Stark,4
Meera Reed,4
Jojen Reed,4
Hodor,4
Eddison Tollett,4
Grenn,4
Karl Tanner,4
Sissy,4
Morag,4
Stannis Baratheon,4
Davos Seaworth,4
Tycho Nestoris,4
Salladhor Saan,4
Lhara,4
Yara Greyjoy,4
Myranda,4
Ramsay Snow,4
Theon Greyjoy,4
Grey Worm,4
Missandei,4
Barristan Selmy,4
Jorah Mormont,4
Daenerys Targaryen,4
Hizdahr zo Loraq,4
Hizdahr zo Loraq's manservant,4
Oberyn Martell,4
Cersei Lannister,4
Mace Tyrell,4
Pycelle,4
Varys,4
Tywin Lannister,4
Jaime Lannister,4
Tyrion Lannister,4
Tommen Baratheon,4
Margaery Tyrell,4
Loras Tyrell,4
Meryn Trant,4
Shae,4
Jaime Lannister,4
Tyrion Lannister,4
Gregor Clegane,4
Cersei Lannister,4
Arya Stark,4
Sandor Clegane,4
Dying man,4
Biter,4
Rorge,4
Jon Snow,4
Samwell Tarly,4
Grenn,4
Eddison Tollett,4
Alliser Thorne,4
Janos Slynt,4
Olly,4
Othell Yarwyck,4
Pypar,4
Bronn,4
Daenerys Targaryen,4
Daario Naharis,4
Selyse Baratheon,4
Melisandre,4
Jorah Mormont,4
Brienne of Tarth,4
Podrick Payne,4
Hot Pie,4
Oberyn Martell,4
Sansa Stark,4
Robin Arryn,4
Petyr Baelish,4
Lysa Arryn,4
Mole's Town whore,4
Kegs,4
Jack Bulwer,4
Mully,4
Mole's Town madam,4
Gilly,4
Styr,4
Tormund,4
Ygritte,4
Sam,4
Samwell Tarly,4
Jon Snow,4
Grenn,4
Pypar,4
Eddison Tollett,4
Grey Worm,4
Missandei,4
Daenerys Targaryen,4
Ramsay Snow,4
Theon Greyjoy,4
Ralf Kenning,4
Adrack Humble,4
Petyr Baelish,4
Yohn Royce,4
Anya Waynwood,4
Vance Corbray,4
Sansa Stark,4
Barristan Selmy,4
Little bird,4
Jorah Mormont,4
Roose Bolton,4
Arya Stark,4
Sandor Clegane,4
Donnel Waynwood,4
Robin Arryn,4
Tyrion Lannister,4
Jaime Lannister,4
Tywin Lannister,4
Cersei Lannister,4
Mace Tyrell,4
Varys,4
Oberyn Martell,4
Ellaria Sand,4
Daemon Sand,4
Gregor Clegane,4
Joss Stilwood,4
Pycelle,4
Jon Snow,4
Samwell Tarly,4
Thenn warg,4
Styr,4
Tormund,4
Ygritte,4
Gilly,4
Sam,4
Aemon,4
Pypar,4
Janos Slynt,4
Grenn,4
Eddison Tollett,4
Alliser Thorne,4
White Walker,4
Mag Mar Tun Doh Weg,4
Dongo,4
Olly,4
Smitty,4
Hobb,4
Donnel Hill,4
Cooper,4
Jon Snow,4
Dongo,4
Eddison Tollett,4
Mance Rayder,4
Kullback,4
Stannis Baratheon,4
Davos Seaworth,4
Gregor Clegane,4
Qyburn,4
Pycelle,4
Cersei Lannister,4
Tywin Lannister,4
Jaime Lannister,4
Daenerys Targaryen,4
Missandei,4
Barristan Selmy,4
Grey Worm,4
Fennesz,4
Goatherd,4
Zalla,4
Aemon,4
Pypar,4
Grenn,4
Olly,4
Janos Slynt,4
Selyse Baratheon,4
Shireen Baratheon,4
Melisandre,4
Tormund,4
Ygritte,4
Hodor,4
Bran Stark,4
Jojen Reed,4
Meera Reed,4
Leaf,4
Three-Eyed Raven,4
Brienne of Tarth,4
Podrick Payne,4
Arya Stark,4
Sandor Clegane,4
Tyrion Lannister,4
Shae,4
Varys,4
Ternesio Terys,4
Cersei Lannister,5
Melara Hetherspoon,5
Maggy,5
Meryn Trant,5
High Septon,5
Margaery Tyrell,5
Tywin Lannister,5
Jaime Lannister,5
Tyrion Lannister,5
Varys,5
White Rat,5
Vala,5
Daenerys Targaryen,5
Barristan Selmy,5
Grey Worm,5
Mossador,5
Missandei,5
Jon Snow,5
Olly,5
Samwell Tarly,5
Gilly,5
Alliser Thorne,5
Janos Slynt,5
Sam,5
Melisandre,5
Stannis Baratheon,5
Davos Seaworth,5
Petyr Baelish,5
Sansa Stark,5
Yohn Royce,5
Robin Arryn,5
Samwell Stone,5
Helliweg,5
Brienne of Tarth,5
Podrick Payne,5
Loras Tyrell,5
Mace Tyrell,5
Tommen Baratheon,5
Grand Maester,5
Lancel Lannister,5
Kevan Lannister,5
Olyvar,5
Daario Naharis,5
Hizdahr zo Loraq,5
Mance Rayder,5
Tormund,5
Eddison Tollett,5
Bowen Marsh,5
Selyse Baratheon,5
Shireen Baratheon,5
Arya Stark,5
Ternesio Terys,5
Jaqen H'ghar,5
Brienne of Tarth,5
Podrick Payne,5
Petyr Baelish,5
Sansa Stark,5
Eyrie guard,5
Cersei Lannister,5
Jaime Lannister,5
Bronn,5
Lollys Stokeworth,5
Ellaria Sand,5
Trystane Martell,5
Myrcella Baratheon,5
Areo Hotah,5
Doran Martell,5
Daario Naharis,5
Grey Worm,5
Son of the Harpy,5
Mossador,5
Missandei,5
Barristan Selmy,5
Hizdahr zo Loraq,5
Tyrion Lannister,5
Varys,5
Qyburn,5
Meryn Trant,5
Kevan Lannister,5
Pycelle,5
Mace Tyrell,5
Gilly,5
Shireen Baratheon,5
Samwell Tarly,5
Selyse Baratheon,5
Jon Snow,5
Stannis Baratheon,5
Davos Seaworth,5
Alliser Thorne,5
Aemon,5
Othell Yarwyck,5
Janos Slynt,5
Bowen Marsh,5
Mallister supporter,5
Denys Mallister,5
Olly,5
Eddison Tollett,5
Street tough 1,5
Street tough 2,5
Waif,5
Arya Stark,5
Jaqen H'ghar,5
Despondent man,5
Cersei Lannister,5
Tommen Baratheon,5
Margaery Tyrell,5
Pycelle,5
Loras Tyrell,5
Mace Tyrell,5
High Septon,5
Theon Greyjoy,5
Medger Cerwyn,5
Roose Bolton,5
Ramsay Bolton,5
Petyr Baelish,5
Sansa Stark,5
Brienne of Tarth,5
Podrick Payne,5
Olly,5
Stannis Baratheon,5
Jon Snow,5
Davos Seaworth,5
Walda Bolton,5
Myranda,5
Old woman,5
Bowen Marsh,5
Othell Yarwyck,5
Samwell Tarly,5
Eddison Tollett,5
Alliser Thorne,5
Janos Slynt,5
Olyvar,5
Lancel Lannister,5
Qyburn,5
High Sparrow,5
Gregor Clegane,5
Tyrion Lannister,5
Varys,5
Red Priestess,5
Brothel guard,5
Mother of Dragons,5
Jorah Mormont,5
Clea,5
Jorah Mormont,5
Tyrion Lannister,5
Jaime Lannister,5
Merchant captain,5
Bronn,5
Cersei Lannister,5
Mace Tyrell,5
Pycelle,5
Qyburn,5
Meryn Trant,5
High Sparrow,5
Lancel Lannister,5
Marei,5
Olyvar,5
Faith Militant 1,5
Loras Tyrell,5
Margaery Tyrell,5
Tommen Baratheon,5
Lead Kingsguard,5
Stannis Baratheon,5
Selyse Baratheon,5
Jon Snow,5
Eddison Tollett,5
Shireen Baratheon,5
Melisandre,5
Olly,5
Sansa Stark,5
Lyanna Stark,5
Petyr Baelish,5
Lead Dornish guard,5
Ellaria Sand,5
Tyene Sand,5
Nymeria Sand,5
Obara Sand,5
Daenerys Targaryen,5
Barristan Selmy,5
Daario Naharis,5
Hizdahr zo Loraq,5
Missandei,5
Vala,5
Grey Worm,5
Grey Worm,5
Missandei,5
Daenerys Targaryen,5
Daario Naharis,5
Barristan Selmy,5
Hizdahr zo Loraq,5
Samwell Tarly,5
Aemon,5
Jon Snow,5
Tormund,5
Alliser Thorne,5
Othell Yarwyck,5
Bowen Marsh,5
Stannis Baratheon,5
Davos Seaworth,5
Olly,5
Eddison Tollett,5
Podrick Payne,5
Brienne of Tarth,5
Myranda,5
Ramsay Bolton,5
Sansa Stark,5
Old woman,5
Theon Greyjoy,5
Roose Bolton,5
Walda Bolton,5
Gilly,5
Melisandre,5
Sam,5
Shireen Baratheon,5
Selyse Baratheon,5
Tyrion Lannister,5
Jorah Mormont,5
Arya Stark,5
Waif,5
Jaqen H'ghar,5
Jorah Mormont,5
Tyrion Lannister,5
Joss,5
Ghita,5
Slaver,5
Malko,5
Petyr Baelish,5
Lancel,5
Cersei Lannister,5
Trystane Martell,5
Myrcella Baratheon,5
Doran Martell,5
Areo Hotah,5
Jaime Lannister,5
Bronn,5
Ellaria Sand,5
Obara Sand,5
Nymeria Sand,5
Tyene Sand,5
Olenna Tyrell,5
Margaery Tyrell,5
High Sparrow,5
Loras Tyrell,5
Tommen Baratheon,5
Olyvar,5
Sansa Stark,5
Myranda,5
"Theon ""Reek"" Greyjoy",5
Roose Bolton,5
Ramsay Bolton,5
Walda Bolton,5
Alliser Thorne,5
Othell Yarwyck,5
Bowen Marsh,5
Tormund,5
Eddison Tollett,5
Jon Snow,5
Olly,5
Samwell Tarly,5
Sam,5
Aemon,5
Gilly,5
"Theon ""Reek"" Greyjoy",5
Sansa Stark,5
Ramsay Bolton,5
Brienne of Tarth,5
Podrick Payne,5
Derek,5
Old woman,5
Davos Seaworth,5
Stannis Baratheon,5
Melisandre,5
Brant,5
Jorah Mormont,5
Tyrion Lannister,5
Malko,5
Yezzan zo Qaggaz,5
Daenerys Targaryen,5
Daario Naharis,5
Olenna Tyrell,5
High Sparrow,5
Tommen Baratheon,5
Cersei Lannister,5
Jaime Lannister,5
Areo Hotah,5
Myrcella Baratheon,5
Bronn,5
Tyene Sand,5
Nymeria Sand,5
Obara Sand,5
Petyr Baelish,5
Hizdahr zo Loraq,5
Boake,5
Margaery Tyrell,5
Lancel,5
Unella,5
Scolera,5
Moelle,5
Tyrion Lannister,5
Jorah Mormont,5
Daenerys Targaryen,5
Missandei,5
Septa,5
Boake,5
Cersei Lannister,5
Arya Stark,5
Jaqen H'ghar,5
thin man,5
Waif,5
Qyburn,5
Theon Greyjoy,5
Sansa Stark,5
Roose Bolton,5
Ramsay Bolton,5
Yezzan zo Qaggaz,5
Gilly,5
Samwell Tarly,5
Olly,5
Jon Snow,5
Tormund,5
Eddison Tollett,5
Todder,5
Duncan Liddle,5
Lord of Bones,5
Loboda,5
Karsi,5
Dim Dalba,5
Wun Weg Wun Dar Wun,5
Willa,5
Johnna,5
White Walker,5
Night King,5
Melisandre,5
Davos Seaworth,5
Stannis Baratheon,5
Selyse Baratheon,5
Jon Snow,5
Tormund,5
Eddison Tollett,5
Wun Weg Wun Dar Wun,5
Johnna,5
Willa,5
Alliser Thorne,5
Samwell Tarly,5
Othell Yarwyck,5
Bowen Marsh,5
Olly,5
Shireen Baratheon,5
Jaime Lannister,5
Areo Hotah,5
Doran Martell,5
Ellaria Sand,5
Trystane Martell,5
Myrcella Baratheon,5
Bronn,5
Nymeria Sand,5
Tyene Sand,5
Obara Sand,5
Arya Stark,5
Thin man,5
Meryn Trant,5
Mace Tyrell,5
Tycho Nestoris,5
Brusco,5
Lhara,5
Braavosi madam,5
Brea,5
Anara,5
Caleotte,5
Jaqen H'ghar,5
Tyrion Lannister,5
Daenerys Targaryen,5
Daario Naharis,5
Missandei,5
Hizdahr zo Loraq,5
Fighting pit announcer,5
Jorah Mormont,5
Melisandre,5
Stannis Baratheon,5
Baratheon general,5
Baratheon soldier,5
Selyse Baratheon,5
Jon Snow,5
Samwell Tarly,5
Gilly,5
Sam,5
Sansa Stark,5
Podrick Payne,5
Brienne of Tarth,5
Gordy,5
Ramsay Bolton,5
Myranda,5
"Theon ""Reek"" Greyjoy",5
Meryn Trant,5
Ghita,5
Arya Stark,5
Jaqen H'ghar,5
Waif,5
Doran Martell,5
Myrcella Baratheon,5
Bronn,5
Trystane Martell,5
Ellaria Sand,5
Areo Hotah,5
Obara Sand,5
Nymeria Sand,5
Tyene Sand,5
Jaime Lannister,5
Tyrion Lannister,5
Jorah Mormont,5
Daario Naharis,5
Missandei,5
Grey Worm,5
Varys,5
Daenerys Targaryen,5
Cersei Lannister,5
Unella,5
High Sparrow,5
Moelle,5
Scolera,5
Boake,5
Kevan Lannister,5
Pycelle,5
Qyburn,5
Gregor Clegane,5
Davos Seaworth,5
Olly,5
Alliser Thorne,5
Othell Yarwyck,5
Bowen Marsh,5
Jon Snow,6
Ghost,6
Davos Seaworth,6
Eddison Tollett,6
Loyal Night's Watch man 1,6
Loyal Night's Watch man 2,6
Melisandre,6
Alliser Thorne,6
Bowen Marsh,6
Othell Yarwyck,6
Olly,6
Night's Watch man,6
Myranda,6
Ramsay Bolton,6
Wolkan,6
Roose Bolton,6
Theon Greyjoy,6
Sansa Stark,6
Bolton officer,6
Brienne of Tarth,6
Podrick Payne,6
Cersei Lannister,6
Bernadette,6
Gregor Clegane,6
Jaime Lannister,6
Unella,6
Margaery Tyrell,6
High Sparrow,6
Ellaria Sand,6
Doran Martell,6
Areo Hotah,6
Tyene Sand,6
Caleotte,6
Trystane Martell,6
Obara Sand,6
Nymeria Sand,6
Tyrion Lannister,6
Varys,6
Jorah Mormont,6
Daario Naharis,6
Qhono,6
Aggo,6
Daenerys Targaryen,6
Moro,6
Moro's bloodrider 1,6
Moro's bloodrider 2,6
Moro's wife 1,6
Moro's wife 2,6
Arya Stark,6
Waif,6
Three-Eyed Raven,6
Bran Stark,6
Eddard Stark,6
Benjen Stark,6
Rodrik Cassel,6
Lyanna Stark,6
Hodor,6
Old Nan,6
Leaf,6
Meera Reed,6
Alliser Thorne,6
Jon Snow,6
Davos Seaworth,6
Olly,6
Bowen Marsh,6
Othell Yarwyck,6
Loyal Night's Watch man 1,6
Loyal Night's Watch man 2,6
Ghost,6
Wun Weg Wun Dar Wun,6
Tormund,6
Eddison Tollett,6
Night's Watch man,6
King's Landing boaster,6
Gregor Clegane,6
Cersei Lannister,6
Lannister captain,6
Tommen Baratheon,6
Jaime Lannister,6
Myrcella Baratheon,6
High Sparrow,6
Tyrion Lannister,6
Varys,6
Missandei,6
Grey Worm,6
Rhaegal,6
Viserion,6
Arya Stark,6
Waif,6
Jaqen H'ghar,6
Roose Bolton,6
Ramsay Bolton,6
Harald Karstark,6
Wolkan,6
Walda Bolton,6
Roose Bolton's son,6
Theon Greyjoy,6
Podrick Payne,6
Sansa Stark,6
Brienne of Tarth,6
Balon Greyjoy,6
Yara Greyjoy,6
Euron Greyjoy,6
Aeron Greyjoy,6
Melisandre,6
Davos Seaworth,6
Jon Snow,6
Melisandre,6
Eddison Tollett,6
Tormund,6
Gilly,6
Samwell Tarly,6
Sam,6
Gerold Hightower,6
Arthur Dayne,6
Bran Stark,6
Three-Eyed Raven,6
Eddard Stark,6
Howland Reed,6
Leaf,6
Qhono,6
Moro,6
Moro's bloodrider 1,6
Moro's bloodrider 2,6
High Priestess of the Dosh Khaleen,6
Ornela,6
Varys,6
Vala,6
Tyrion Lannister,6
Grey Worm,6
Missandei,6
Arthur,6
Qyburn,6
Frances,6
Gregor Clegane,6
Cersei Lannister,6
Jaime Lannister,6
Pycelle,6
Olenna Tyrell,6
Kevan Lannister,6
Mace Tyrell,6
High Sparrow,6
Tommen Baratheon,6
Arya Stark,6
Waif,6
Jaqen H'ghar,6
Ramsay Bolton,6
Harald Karstark,6
Smalljon Umber,6
Osha,6
Rickon Stark,6
Alliser Thorne,6
Othell Yarwyck,6
Bowen Marsh,6
Olly,6
Jon Snow,6
Eddison Tollett,6
Brienne of Tarth,6
Podrick Payne,6
Sansa Stark,6
Tormund,6
Loyal Night's Watch man 2,6
Melisandre,6
Davos Seaworth,6
Robin Arryn,6
Yohn Royce,6
Petyr Baelish,6
Grey Worm,6
Tyrion Lannister,6
Varys,6
Missandei,6
Yezzan zo Qaggaz,6
Razdal mo Eraz,6
Belicho Paenymion,6
Ash,6
Kesh,6
Daario Naharis,6
Jorah Mormont,6
Aggo,6
Iggo,6
Daenerys Targaryen,6
Ornela,6
High Priestess of the Dosh Khaleen,6
Margaery Tyrell,6
Unella,6
High Sparrow,6
Loras Tyrell,6
Cersei Lannister,6
Pycelle,6
Tommen Baratheon,6
Olenna Tyrell,6
Kevan Lannister,6
Jaime Lannister,6
Theon Greyjoy,6
Yara Greyjoy,6
Ramsay Bolton,6
Osha,6
Night's Watch man,6
Forzho,6
Moro,6
Moro's bloodrider 1,6
Moro's bloodrider 2,6
Rhalko,6
Qorro,6
Brozho,6
Moro's wife 2,6
Sansa Stark,6
Night's Watch man,6
Petyr Baelish,6
Brienne of Tarth,6
Arya Stark,6
Waif,6
Jaqen H'ghar,6
Izembaro,6
Clarenzo,6
Lady Crane,6
Camello,6
Bobono,6
Bianca,6
Three-Eyed Raven,6
Leaf,6
Night King,6
Aeron Greyjoy,6
Theon Greyjoy,6
Yara Greyjoy,6
Ironborn captain,6
Euron Greyjoy,6
Daenerys Targaryen,6
Daario Naharis,6
Jorah Mormont,6
Tyrion Lannister,6
Varys,6
Grey Worm,6
Missandei,6
Zanrush,6
Kinvara,6
Meera Reed,6
Hodor,6
Jon Snow,6
Eddison Tollett,6
Tormund,6
Davos Seaworth,6
Melisandre,6
Podrick Payne,6
Eddard Stark,6
Benjen Stark,6
Rickard Stark,6
Rodrik Cassel,6
Old Nan,6
Meera Reed,6
Bran Stark,6
Aerys II Targaryen,6
Night King,6
Catelyn Stark,6
Walder Rivers,6
Daenerys Targaryen,6
White Walker,6
Craster's last son,6
Eddard Stark,6
Ilyn Payne,6
Jaime Lannister,6
Lyanna Stark,6
Robb Stark,6
Roose Bolton,6
Joyeuse Frey,6
Leaf,6
White Walker,6
Jon Snow,6
White Walker,6
Benjen Stark,6
Gilly,6
Samwell Tarly,6
Sam,6
Melessa Tarly,6
Talla Tarly,6
Tommen Baratheon,6
High Sparrow,6
Margaery Tyrell,6
Randyll Tarly,6
Dickon Tarly,6
Clarenzo,6
Bianca,6
Bobono,6
Lady Crane,6
Izembaro,6
Camello,6
Waif,6
Jaqen H'ghar,6
Jaime Lannister,6
Mace Tyrell,6
Unella,6
Olenna Tyrell,6
Lancel Lannister,6
Kevan Lannister,6
Walder Frey,6
Lothar Frey,6
Kitty Frey,6
Edmure Tully,6
Cersei Lannister,6
Daario Naharis,6
Ray,6
Sandor Clegane,6
Margaery Tyrell,6
High Sparrow,6
Unella,6
Olenna Tyrell,6
Dim Dalba,6
Jon Snow,6
Sansa Stark,6
Davos Seaworth,6
Tormund,6
Wun Weg Wun Dar Wun,6
Cersei Lannister,6
Gregor Clegane,6
Jaime Lannister,6
Bronn,6
Lothar Frey,6
Black Walder Rivers,6
Edmure Tully,6
"Brynden ""Blackfish"" Tully",6
Lyanna Mormont,6
Robett Glover,6
Theon Greyjoy,6
Yara Greyjoy,6
Lem,6
Morgan,6
Gatins,6
Arya Stark,6
Waif,6
Westerosi trader,6
Lady Crane,6
Clarenzo,6
Bobono,6
Izembaro,6
Arya Stark,6
Morgan,6
Gatins,6
Riddell,6
Steve,6
Sandor Clegane,6
Red Priestess,6
Tyrion Lannister,6
Varys,6
Cersei Lannister,6
Qyburn,6
Gregor Clegane,6
Lancel Lannister,6
Brienne of Tarth,6
Podrick Payne,6
Jaime Lannister,6
Brynden Tully,6
Mace Tyrell,6
Kevan Lannister,6
Tommen Baratheon,6
Pycelle,6
Tyrion Lannister,6
Missandei,6
Grey Worm,6
Edmure Tully,6
Tully bannerman,6
Walder Rivers,6
Lothar Frey,6
Daenerys Targaryen,6
Lem,6
Beric Dondarrion,6
Thoros,6
Waif,6
Jaqen H'ghar,6
Daenerys Targaryen,6
Tyrion Lannister,6
Missandei,6
Grey Worm,6
Belicho Paenymion,6
Razdal mo Eraz,6
Yezzan zo Qaggaz,6
Daario Naharis,6
Jon Snow,6
Sansa Stark,6
Lyanna Mormont,6
Ramsay Bolton,6
Harald Karstark,6
Smalljon Umber,6
Davos Seaworth,6
Tormund,6
Melisandre,6
Yara Greyjoy,6
Theon Greyjoy,6
Wun Weg Wun Dar Wun,6
Rickon Stark,6
Petyr Baelish,6
Cersei Lannister,6
Tommen Baratheon,6
Margaery Tyrell,6
High Sparrow,6
Loras Tyrell,6
Lancel Lannister,6
Mace Tyrell,6
Kevan Lannister,6
Bernadette,6
Pycelle,6
Marei,6
Frances,6
Renly Baratheon,6
Gregor Clegane,6
Arthur,6
Qyburn,6
Unella,6
Walder Frey,6
Jaime Lannister,6
Walder Rivers,6
Lothar Frey,6
Bronn,6
Arya Stark,6
Samwell Tarly,6
Gilly,6
Sam,6
Citadel maester,6
Jon Snow,6
Melisandre,6
Davos Seaworth,6
Sansa Stark,6
Olenna Tyrell,6
Ellaria Sand,6
Obara Sand,6
Nymeria Sand,6
Tyene Sand,6
Varys,6
Daenerys Targaryen,6
Daario Naharis,6
Tyrion Lannister,6
Petyr Baelish,6
Benjen Stark,6
Meera Reed,6
Bran Stark,6
Eddard Stark,6
Lyanna Stark,6
Yohn Royce,6
Tormund,6
Cley Cerwyn,6
Wyman Manderly,6
Lyanna Mormont,6
Robett Glover,6
Theon Greyjoy,6
Yara Greyjoy,6
Grey Worm,6
Missandei,6
Walder Frey,7
Kitty Frey,7
Arya Stark,7
Night King,7
Bran Stark,7
Meera Reed,7
Eddison Tollett,7
Davos Seaworth,7
Jon Snow,7
Sansa Stark,7
Lyanna Mormont,7
Brienne of Tarth,7
Podrick Payne,7
Robett Glover,7
Tormund,7
Yohn Royce,7
Petyr Baelish,7
Ned Umber,7
Alys Karstark,7
Maester,7
Cersei Lannister,7
Jaime Lannister,7
Gregor Clegane,7
Euron Greyjoy,7
Qyburn,7
Samwell Tarly,7
Archmaester,7
Maester,7
Eddie,7
Geoff,7
Theo,7
Thoros,7
Sandor Clegane,7
Beric Dondarrion,7
Farmer,7
Sally,7
Gilly,7
Sam,7
Jorah Mormont,7
Daenerys Targaryen,7
Varys,7
Tyrion Lannister,7
Missandei,7
Grey Worm,7
Daenerys Targaryen,7
Tyrion Lannister,7
Varys,7
Grey Worm,7
Missandei,7
Melisandre,7
Jon Snow,7
Sansa Stark,7
Davos Seaworth,7
Cersei Lannister,7
Jaime Lannister,7
Gregor Clegane,7
Randyll Tarly,7
Dickon Tarly,7
Qyburn,7
Samwell Tarly,7
Archmaester,7
Jorah Mormont,7
Yara Greyjoy,7
Theon Greyjoy,7
Ellaria Sand,7
Olenna Tyrell,7
Arya Stark,7
Hot Pie,7
Wolkan,7
Petyr Baelish,7
Yohn Royce,7
Lyanna Mormont,7
Brienne of Tarth,7
Robett Glover,7
Alys Karstark,7
Ned Umber,7
Eddard Stark,7
Obara Sand,7
Nymeria Sand,7
Tyene Sand,7
Jon Snow,7
Davos Seaworth,7
Tyrion Lannister,7
Missandei,7
Qhono,7
Melisandre,7
Varys,7
Daenerys Targaryen,7
Theon Greyjoy,7
Harrag,7
Euron Greyjoy,7
Yara Greyjoy,7
Ellaria Sand,7
Tyene Sand,7
Cragorn,7
Cersei Lannister,7
Jaime Lannister,7
Qyburn,7
Gregor Clegane,7
Bernadette,7
Tycho Nestoris,7
Petyr Baelish,7
Sansa Stark,7
Wolkan,7
Yohn Royce,7
Bran Stark,7
Meera Reed,7
Jorah Mormont,7
Archmaester,7
Samwell Tarly,7
Grey Worm,7
Dickon Tarly,7
Randyll Tarly,7
Bronn,7
Olenna Tyrell,7
Jaime Lannister,7
Bronn,7
Randyll Tarly,7
Dickon Tarly,7
Tycho Nestoris,7
Cersei Lannister,7
Petyr Baelish,7
Bran Stark,7
Meera Reed,7
Arya Stark,7
Henk,7
Koner,7
Sansa Stark,7
Eddard Stark,7
Brienne of Tarth,7
Podrick Payne,7
Daenerys Targaryen,7
Missandei,7
Qhono,7
Jon Snow,7
Davos Seaworth,7
Night King,7
Tyrion Lannister,7
Varys,7
Theon Greyjoy,7
Harrag,7
Bronn,7
Jaime Lannister,7
Tyrion Lannister,7
Daenerys Targaryen,7
Qhono,7
Randyll Tarly,7
Dickon Tarly,7
Qyburn,7
Cersei Lannister,7
Jon Snow,7
Jorah Mormont,7
Bran Stark,7
Night King,7
Maester,7
Archmaester,7
Samwell Tarly,7
Archmaester,7
Archmaester,7
Varys,7
Davos Seaworth,7
Arya Stark,7
Robett Glover,7
Sansa Stark,7
Yohn Royce,7
Gendry,7
Gold Cloak #1,7
Gold Cloak #2,7
Gilly,7
Sam,7
Petyr Baelish,7
Tormund,7
Sandor Clegane,7
Thoros,7
Beric Dondarrion,7
Gendry,7
Jon Snow,7
Tormund,7
Jorah Mormont,7
Beric Dondarrion,7
Thoros,7
Sandor Clegane,7
Arya Stark,7
Sansa Stark,7
Tyrion Lannister,7
Daenerys Targaryen,7
Petyr Baelish,7
White Walker,7
Captured wight,7
Davos Seaworth,7
Night King,7
Maester,7
Brienne of Tarth,7
White Walker,7
Benjen Stark,7
Walder Frey,7
Grey Worm,7
Jaime Lannister,7
Bronn,7
Tyrion Lannister,7
Theon Greyjoy,7
Varys,7
Jon Snow,7
Davos Seaworth,7
Jorah Mormont,7
Missandei,7
Sandor Clegane,7
Captured wight,7
Cersei Lannister,7
Qyburn,7
Gregor Clegane,7
Qhono,7
Podrick Payne,7
Brienne of Tarth,7
Euron Greyjoy,7
Sansa Stark,7
Petyr Baelish,7
Harrag,7
Bran Stark,7
Maester,7
Arya Stark,7
Yohn Royce,7
Samwell Tarly,7
Gilly,7
Sam,7
Rhaegar Targaryen,7
Lyanna Stark,7
High Septon,7
Eddard Stark,7
Tormund,7
Beric Dondarrion,7
White Walker,7
Night King,7
Winter town boy,8
Arya Stark,8
Daenerys Targaryen,8
Jon Snow,8
Qhono,8
Jorah Mormont,8
Sandor Clegane,8
Gendry,8
Tyrion Lannister,8
Varys,8
Missandei,8
Grey Worm,8
Sansa Stark,8
Bran Stark,8
Yohn Royce,8
Lyanna Mormont,8
Ned Umber,8
Brienne of Tarth,8
Podrick Payne,8
Wolkan,8
Davos Seaworth,8
Qyburn,8
Cersei Lannister,8
Gregor Clegane,8
Euron Greyjoy,8
Harry Strickland,8
Yara Greyjoy,8
Bronn,8
Marei,8
Craya,8
Dirah,8
Theon Greyjoy,8
Alys Karstark,8
Samwell Tarly,8
Tormund,8
Beric Dondarrion,8
Eddison Tollett,8
Jaime Lannister,8
Jaime Lannister,8
Daenerys Targaryen,8
Jon Snow,8
Sansa Stark,8
Tyrion Lannister,8
Varys,8
Missandei,8
Jorah Mormont,8
Brienne of Tarth,8
Alys Karstark,8
Yohn Royce,8
Lyanna Mormont,8
Davos Seaworth,8
Bran Stark,8
Grey Worm,8
Gendry,8
Arya Stark,8
Podrick Payne,8
Wolkan,8
Theon Greyjoy,8
Gilly,8
Teela,8
Eddison Tollett,8
Samwell Tarly,8
Beric Dondarrion,8
Tormund,8
Sandor Clegane,8
Sam,8
Samwell Tarly,8
Lyanna Mormont,8
Tyrion Lannister,8
Bran Stark,8
Theon Greyjoy,8
Alys Karstark,8
Davos Seaworth,8
Sansa Stark,8
Arya Stark,8
Podrick Payne,8
Brienne of Tarth,8
Jaime Lannister,8
Grey Worm,8
Tormund,8
Beric Dondarrion,8
Sandor Clegane,8
Gendry,8
Eddison Tollett,8
Jorah Mormont,8
Jon Snow,8
Daenerys Targaryen,8
Melisandre,8
Qhono,8
Varys,8
Gilly,8
Sam,8
Missandei,8
Teela,8
Night King,8
Jorah Mormont,8
Daenerys Targaryen,8
Theon Greyjoy,8
Sansa Stark,8
Jon Snow,8
Samwell Tarly,8
Bran Stark,8
Arya Stark,8
Tyrion Lannister,8
Missandei,8
Varys,8
Grey Worm,8
Yohn Royce,8
Podrick Payne,8
Jaime Lannister,8
Brienne of Tarth,8
Tormund,8
Sandor Clegane,8
Davos Seaworth,8
Gendry Baratheon,8
Qhono,8
Beric Dondarrion,8
Eddison Tollett,8
Lyanna Mormont,8
Gilly,8
Wolkan,8
Sarra,8
Willa,8
Bronn,8
Euron Greyjoy,8
Cersei Lannister,8
Qyburn,8
Gregor Clegane,8
Varys,8
Martha,8
Tyrion Lannister,8
Jon Snow,8
Daenerys Targaryen,8
Grey Worm,8
Nora,8
Davos Seaworth,8
Sandor Clegane,8
Arya Stark,8
Jaime Lannister,8
Euron Greyjoy,8
Harry Strickland,8
Cersei Lannister,8
Qyburn,8
Gregor Clegane,8
Boros Blount,8
Preston Greenfield,8
Arys Oakheart,8
Balon Swann,8
Osmund Kettleblack,8
Tyrion Lannister,8
Jon Snow,8
Davos Seaworth,8
Nora,8
Grey Worm,8
Jaime Lannister,8
Cersei Lannister,8
Arya Stark,8
Daenerys Targaryen,8
Samwell,8
Edmure Tully,8
Bran Stark,8
Sansa Stark,8
Brienne of Tarth,8
Gendry Baratheon,8
Une,8
Yara Greyjoy,8
Prince of Dorne,8
Robin Arryn,8
Yohn Royce,8
Bronn,8
Podrick Payne,8
Tormund,8
